Topic 0;Topic 1;Topic 2;Topic 3;Topic 4;Topic 5
0.0;0.0;0.0;0.9926825761795044;0.0;0.0
0.5709972381591797;0.0;0.0;0.42361652851104736;0.0;0.0
0.0;0.0;0.9922933578491211;0.0;0.0;0.0
0.0;0.0;0.0;0.03932013735175133;0.0;0.9550302028656006
0.0;0.9377418160438538;0.05495576560497284;0.0;0.0;0.0
0.0;0.9952870607376099;0.0;0.0;0.0;0.0
0.13918177783489227;0.5301907658576965;0.0;0.3231997787952423;0.0;0.0
0.0;0.0;0.0;0.0;0.0;0.9931721687316895
0.0;0.0;0.0;0.0;0.9899951219558716;0.0
0.0;0.0;0.5233328938484192;0.46803775429725647;0.0;0.0
0.0;0.9922814965248108;0.0;0.0;0.0;0.0
0.0;0.0;0.9927530288696289;0.0;0.0;0.0
0.0;0.0;0.0;0.0;0.0;0.9898691773414612
0.0;0.8005166053771973;0.19533003866672516;0.0;0.0;0.0
0.9879963994026184;0.0;0.0;0.0;0.0;0.0
0.0;0.784433126449585;0.2128876894712448;0.0;0.0;0.0
0.0;0.0;0.0;0.0;0.9931074976921082;0.0
0.0;0.0;0.0;0.0;0.0;0.9893723726272583
0.9942849278450012;0.0;0.0;0.0;0.0;0.0
0.995381772518158;0.0;0.0;0.0;0.0;0.0
0.0;0.0;0.9894936680793762;0.0;0.0;0.0
0.0;0.0;0.0;0.0;0.0;0.9923616647720337
0.0;0.0;0.9938233494758606;0.0;0.0;0.0
0.0;0.0;0.5920488238334656;0.0;0.4008033573627472;0.0
0.0;0.0;0.0;0.0;0.9908753037452698;0.0
0.0;0.3521632254123688;0.6417872905731201;0.0;0.0;0.0
0.0;0.0;0.38061168789863586;0.6138694286346436;0.0;0.0
0.0;0.0;0.9934365749359131;0.0;0.0;0.0
0.0;0.9978727698326111;0.0;0.0;0.0;0.0
0.0;0.9942074418067932;0.0;0.0;0.0;0.0
0.0;0.0;0.0;0.0;0.9940738677978516;0.0
0.0;0.0;0.979511559009552;0.0;0.0;0.0
0.0;0.0;0.0;0.9922879934310913;0.0;0.0
0.9938282370567322;0.0;0.0;0.0;0.0;0.0
0.0;0.0;0.4883878529071808;0.0;0.0;0.5072185397148132
0.0;0.0;0.9919255971908569;0.0;0.0;0.0
0.0;0.0;0.9940049648284912;0.0;0.0;0.0
0.0;0.0;0.0;0.0;0.0;0.9506152272224426
0.0;0.9866787791252136;0.0;0.0;0.0;0.0
0.0;0.0;0.0;0.9922889471054077;0.0;0.0
0.0;0.0;0.0;0.4119172692298889;0.5806818008422852;0.0
0.0;0.0;0.9929577708244324;0.0;0.0;0.0
0.0;0.0;0.9946783781051636;0.0;0.0;0.0
0.0;0.0;0.08746080845594406;0.9055301547050476;0.0;0.0
0.5106826424598694;0.0;0.4803434908390045;0.0;0.0;0.0
0.0;0.0;0.9887843728065491;0.0;0.0;0.0
0.0;0.0;0.9938544034957886;0.0;0.0;0.0
0.0;0.0;0.4859006404876709;0.5084851980209351;0.0;0.0
0.0;0.0;0.0;0.9920541048049927;0.0;0.0
0.0;0.9948093891143799;0.0;0.0;0.0;0.0
0.0;0.0;0.9907801151275635;0.0;0.0;0.0
0.0;0.0;0.28592008352279663;0.71083003282547;0.0;0.0
0.0;0.0;0.0;0.0;0.9909663200378418;0.0
0.9897562265396118;0.0;0.0;0.0;0.0;0.0
0.0;0.0;0.9939506649971008;0.0;0.0;0.0
0.0;0.9910599589347839;0.0;0.0;0.0;0.0
0.0;0.9944314360618591;0.0;0.0;0.0;0.0
0.0;0.993226170539856;0.0;0.0;0.0;0.0
0.0;0.0;0.0;0.0;0.0;0.995600163936615
0.0;0.0;0.0;0.0;0.9958142638206482;0.0
0.0;0.0;0.11942627280950546;0.0;0.8744077682495117;0.0
0.0;0.0;0.9960801005363464;0.0;0.0;0.0
0.0;0.0;0.9892205595970154;0.0;0.0;0.0
0.0;0.0;0.0;0.9933416843414307;0.0;0.0
0.0;0.0;0.9975726008415222;0.0;0.0;0.0
0.0;0.9942110776901245;0.0;0.0;0.0;0.0
0.9901348948478699;0.0;0.0;0.0;0.0;0.0
0.0;0.9945008158683777;0.0;0.0;0.0;0.0
0.0;0.9930594563484192;0.0;0.0;0.0;0.0
0.0;0.0;0.30967679619789124;0.6789090633392334;0.0;0.0
0.0;0.0;0.9891077280044556;0.0;0.0;0.0
0.0;0.0;0.7194828391075134;0.27260327339172363;0.0;0.0
0.0;0.0;0.0;0.0;0.0;0.9955532550811768
0.0;0.0;0.0;0.9985756278038025;0.0;0.0
0.0;0.9916067719459534;0.0;0.0;0.0;0.0
0.0;0.0;0.9945875406265259;0.0;0.0;0.0
0.0;0.0;0.0;0.0;0.0;0.9898731708526611
0.0;0.0;0.9939504265785217;0.0;0.0;0.0
0.0;0.0;0.0;0.9954119324684143;0.0;0.0
0.0;0.0;0.0;0.0;0.0;0.9949400424957275
0.0;0.8839588165283203;0.10969042778015137;0.0;0.0;0.0
0.0;0.0;0.9962528347969055;0.0;0.0;0.0
0.0;0.0;0.37124669551849365;0.6239185929298401;0.0;0.0
0.0;0.0;0.0;0.0;0.0;0.9914252758026123
0.0;0.0;0.9926449060440063;0.0;0.0;0.0
0.0;0.0;0.9929428696632385;0.0;0.0;0.0
0.0;0.0;0.0;0.9952220320701599;0.0;0.0
0.0;0.0;0.0;0.0;0.0;0.994321882724762
0.0;0.0;0.9844629168510437;0.0;0.0;0.0
0.0;0.0;0.7973358035087585;0.19475562870502472;0.0;0.0
0.0;0.0;0.3920258581638336;0.0;0.6029958128929138;0.0
0.0;0.9947808384895325;0.0;0.0;0.0;0.0
0.0;0.06183065101504326;0.0;0.9340656399726868;0.0;0.0
0.0;0.9887809157371521;0.0;0.0;0.0;0.0
0.0;0.0;0.0;0.0;0.0;0.9947829842567444
0.0;0.0;0.0;0.0;0.8165301084518433;0.17865723371505737
0.0;0.0;0.0;0.0;0.9930211305618286;0.0
0.0;0.0;0.0;0.0;0.0;0.9896066188812256
0.994968831539154;0.0;0.0;0.0;0.0;0.0
0.0;0.0;0.0;0.0;0.0;0.9966484308242798
0.9924176335334778;0.0;0.0;0.0;0.0;0.0
0.0;0.24993005394935608;0.0;0.0;0.0;0.7456434369087219
0.0;0.0;0.0;0.9941989183425903;0.0;0.0
0.05594997853040695;0.05573471635580063;0.721156895160675;0.05556263029575348;0.05603300407528877;0.05556279048323631
0.0;0.0;0.0;0.0;0.0;0.9962319731712341
0.0;0.9474670886993408;0.0;0.04740091785788536;0.0;0.0
0.0;0.0;0.9969353675842285;0.0;0.0;0.0
0.0;0.0;0.0;0.9872392416000366;0.0;0.0
0.0;0.0;0.0;0.9980149269104004;0.0;0.0
0.0;0.0;0.0;0.9898512959480286;0.0;0.0
0.9970952868461609;0.0;0.0;0.0;0.0;0.0
0.0;0.128117635846138;0.0;0.07974859327077866;0.0;0.7899271249771118
0.0;0.0;0.34006422758102417;0.0;0.0;0.6525325775146484
0.0;0.0;0.0;0.0;0.9903255701065063;0.0
0.0;0.0;0.9929298162460327;0.0;0.0;0.0
0.0;0.9946848154067993;0.0;0.0;0.0;0.0
0.0;0.0;0.9965111017227173;0.0;0.0;0.0
0.9931689500808716;0.0;0.0;0.0;0.0;0.0
0.0;0.0;0.0;0.9935368895530701;0.0;0.0
0.0;0.9868831038475037;0.0;0.0;0.0;0.0
0.0;0.0;0.9953157305717468;0.0;0.0;0.0
0.0;0.0;0.0;0.9918996691703796;0.0;0.0
0.0;0.0;0.0;0.0;0.9975626468658447;0.0
0.016067063435912132;0.0;0.0;0.7234169244766235;0.0;0.2574341297149658
0.0;0.9932408332824707;0.0;0.0;0.0;0.0
0.0;0.0;0.0;0.0;0.0;0.9923187494277954
0.0;0.0;0.6372805833816528;0.0;0.35168641805648804;0.0
0.0;0.0;0.0;0.9912275075912476;0.0;0.0
0.0;0.0;0.0;0.0;0.0;0.9924387335777283
0.0;0.9893922209739685;0.0;0.0;0.0;0.0
0.0;0.9948377013206482;0.0;0.0;0.0;0.0
0.0;0.0;0.0;0.0;0.0;0.9922282099723816
0.5055463314056396;0.05328996106982231;0.43621209263801575;0.0;0.0;0.0
0.0;0.0;0.0;0.0;0.9973894953727722;0.0
0.0;0.2677838206291199;0.0;0.7224568128585815;0.0;0.0
0.0;0.9916890859603882;0.0;0.0;0.0;0.0
0.0;0.0;0.0;0.0;0.9906502366065979;0.0
0.9918214082717896;0.0;0.0;0.0;0.0;0.0
0.0;0.0;0.5590875744819641;0.0;0.0;0.43344974517822266
0.0;0.0;0.7889055013656616;0.20552749931812286;0.0;0.0
0.0;0.0;0.9913331866264343;0.0;0.0;0.0
0.20138512551784515;0.0;0.7939128279685974;0.0;0.0;0.0
0.0;0.0;0.0;0.9933463931083679;0.0;0.0
0.0;0.0;0.0;0.0;0.0;0.9949953556060791
0.0;0.0;0.0;0.0;0.9912378191947937;0.0
0.0;0.0;0.0;0.0;0.0;0.9961634874343872
0.0;0.0;0.0;0.0;0.0;0.9919163584709167
0.0;0.0;0.0;0.0;0.99220871925354;0.0
0.0;0.0;0.9952298998832703;0.0;0.0;0.0
0.03500357270240784;0.0;0.663189172744751;0.29600051045417786;0.0;0.0
0.9913333654403687;0.0;0.0;0.0;0.0;0.0
0.9948020577430725;0.0;0.0;0.0;0.0;0.0
0.0;0.0;0.9896377325057983;0.0;0.0;0.0
0.0;0.0;0.0;0.6420470476150513;0.0;0.3531746566295624
0.0;0.7581453323364258;0.0;0.2364017367362976;0.0;0.0
0.0;0.0;0.9903419017791748;0.0;0.0;0.0
0.6443732380867004;0.10674050450325012;0.11891268938779831;0.12811057269573212;0.0;0.0
0.48562926054000854;0.0;0.0;0.5088106393814087;0.0;0.0
0.0;0.0;0.0;0.9974794387817383;0.0;0.0
0.991229236125946;0.0;0.0;0.0;0.0;0.0
0.0;0.0;0.279673308134079;0.7140921950340271;0.0;0.0
0.0;0.0;0.9925699830055237;0.0;0.0;0.0
0.0;0.0;0.989208459854126;0.0;0.0;0.0
0.0;0.0;0.9951739311218262;0.0;0.0;0.0
0.9924522638320923;0.0;0.0;0.0;0.0;0.0
0.0;0.0;0.9838449954986572;0.0;0.0;0.0
0.0;0.0;0.0;0.0;0.9922218918800354;0.0
0.0;0.0;0.9886425137519836;0.0;0.0;0.0
0.0;0.9916828870773315;0.0;0.0;0.0;0.0
0.8697051405906677;0.0;0.1244395300745964;0.0;0.0;0.0
0.0;0.2762746512889862;0.7100027203559875;0.0;0.0;0.0
0.0;0.0;0.0;0.0;0.0;0.9926970601081848
0.9900103211402893;0.0;0.0;0.0;0.0;0.0
0.0;0.0;0.0;0.9931043982505798;0.0;0.0
0.0;0.0;0.9958658814430237;0.0;0.0;0.0
0.0;0.5025292038917542;0.4882519543170929;0.0;0.0;0.0
0.0;0.0;0.036520108580589294;0.9574233293533325;0.0;0.0
0.0;0.0;0.0;0.3854447305202484;0.0;0.6093757152557373
0.0;0.23045814037322998;0.0;0.6361374258995056;0.0;0.1274639368057251
0.0;0.0;0.0;0.0;0.0;0.9908612966537476
0.0;0.0;0.0;0.0;0.0;0.997082531452179
0.0;0.0;0.0;0.9958500862121582;0.0;0.0
0.0;0.16946938633918762;0.0;0.0;0.8229740262031555;0.0
0.0;0.3264849781990051;0.0;0.0;0.0;0.6659532785415649
0.0;0.0;0.0;0.0;0.9939948916435242;0.0
0.0;0.0;0.9813146591186523;0.0;0.0;0.0
0.0;0.0;0.0;0.0;0.9950241446495056;0.0
0.0;0.0;0.0;0.9973738193511963;0.0;0.0
0.0;0.9918574094772339;0.0;0.0;0.0;0.0
0.0;0.0;0.9893816113471985;0.0;0.0;0.0
0.7096871733665466;0.0;0.28315651416778564;0.0;0.0;0.0
0.0;0.0;0.0;0.9957272410392761;0.0;0.0
0.0;0.0;0.9943987131118774;0.0;0.0;0.0
0.0;0.0;0.0;0.0;0.0;0.9886393547058105
0.0;0.0;0.9926213026046753;0.0;0.0;0.0
0.0;0.9930567145347595;0.0;0.0;0.0;0.0
0.0;0.9951074719429016;0.0;0.0;0.0;0.0
0.0;0.0;0.0;0.9778735041618347;0.0;0.0
0.0;0.0;0.0;0.9913191199302673;0.0;0.0
0.0;0.0;0.0;0.0;0.0;0.9948451519012451
0.0;0.0;0.0;0.0;0.0;0.994837760925293
0.994849443435669;0.0;0.0;0.0;0.0;0.0
0.0;0.0;0.0;0.0;0.9876347780227661;0.0
0.0;0.9954055547714233;0.0;0.0;0.0;0.0
0.0;0.0;0.9904526472091675;0.0;0.0;0.0
0.0;0.0;0.5205250978469849;0.4694451689720154;0.0;0.0
0.0;0.0;0.0;0.9957187175750732;0.0;0.0
0.0;0.9948471784591675;0.0;0.0;0.0;0.0
0.0;0.0;0.0;0.9990869760513306;0.0;0.0
0.0;0.5996121764183044;0.39315977692604065;0.0;0.0;0.0
0.0;0.0;0.0;0.0;0.0;0.9828183054924011
0.0785183385014534;0.0;0.0;0.0;0.0;0.9151425957679749
0.0;0.9917609691619873;0.0;0.0;0.0;0.0
0.0;0.0;0.0;0.9838077425956726;0.0;0.0
0.0;0.9902434349060059;0.0;0.0;0.0;0.0
0.0;0.0;0.9737867116928101;0.0;0.0;0.0
0.0;0.0;0.0;0.0;0.0;0.9897592663764954
0.0;0.9804418683052063;0.0;0.0;0.0;0.0
0.9872946739196777;0.0;0.0;0.0;0.0;0.0
0.0;0.0;0.9952841997146606;0.0;0.0;0.0
0.0;0.0;0.6415616869926453;0.34970852732658386;0.0;0.0
0.0;0.0;0.0;0.9921507835388184;0.0;0.0
0.9909544587135315;0.0;0.0;0.0;0.0;0.0
0.0;0.0;0.9888141751289368;0.0;0.0;0.0
0.0;0.0;0.9844450950622559;0.0;0.0;0.0
0.0;0.0;0.0;0.0;0.9947152733802795;0.0
0.0;0.9946571588516235;0.0;0.0;0.0;0.0
0.0;0.0;0.0;0.0;0.0;0.9794712066650391
0.0;0.0;0.0;0.9916743636131287;0.0;0.0
0.0;0.0;0.9862549901008606;0.0;0.0;0.0
0.0;0.0;0.0;0.0;0.9928788542747498;0.0
0.0;0.0;0.0;0.9896202683448792;0.0;0.0
0.9915183782577515;0.0;0.0;0.0;0.0;0.0
0.0;0.0;0.9927615523338318;0.0;0.0;0.0
0.0;0.0;0.0;0.9932858943939209;0.0;0.0
0.0;0.0;0.9931726455688477;0.0;0.0;0.0
0.0;0.9915982484817505;0.0;0.0;0.0;0.0
0.0;0.0;0.0;0.9886472821235657;0.0;0.0
0.0;0.1936069279909134;0.0;0.0;0.7970563769340515;0.0
0.0;0.0;0.7980853319168091;0.19545437395572662;0.0;0.0
0.0;0.0;0.0;0.0;0.9954618215560913;0.0
0.9854820966720581;0.0;0.0;0.0;0.0;0.0
0.2315351814031601;0.7608951330184937;0.0;0.0;0.0;0.0
